# location_rad, location_deg, concentration,weight
5.245372549682355556e-01, 3.005377090705746923e+01, 2.958375116104204494e+02, 1.000000000000000000e+00
