# location_rad, location_deg, concentration,weight
2.127218520116319844e+00, 1.218806433047299294e+02, 1.352797162161298639e+00, 1.000000000000000000e+00
