# location_rad, location_deg, concentration,weight
-5.382475022417416710e-01, -3.083931021191011368e+01, 1.656157253991434875e+00, 1.000000000000000000e+00
