# location_rad,location_deg,concentration,weight
-6.185511582006634201e-01, -3.544037077782691370e+01, 7.082327720195824128e+00, 3.533709086178126735e-01
8.831423608087070054e-01, 5.060032998355867306e+01, 5.822968573719788488e+00, 2.903934902672698493e-01
-1.265697807031099797e+00, -7.251914248184570511e+01, 3.676628682084020738e+01, 3.562356011149166446e-01
